{
	"titleInscription":"Sign-In",
	"titleLeaderboard":"Leaderboard",
	
	"subtitleLang":"Language",
	"subtitleVolume":"Volume",
	"subtitlePseudo":"Pseudo",
	"subtitlePassword":"Password",
	
	"buttonContinue":"Continue",
	"buttonEnglish":"English",
	"buttonFrench":"French",
	"buttonResume":"Resume",
	"buttonQuit":"Quit",
	"buttonOptions":"Options",
	"buttonOptionsMaj":"OPTIONS",
	"buttonLeaveMaj":"LEAVE",
	"buttonConnexion":"Froggin",
	
	"textMainSound":"Main Sound",
	"textMusic":"Music",
	"textSFX":"Sound Effects",
	"textTipTitle":"Tip : You can either use a gamepad or a keayboard !",
	"textSpace":"Space",
	"textConnexion":"WELCOME",
	"textDisconnect":"DISCONNECT",
	"textPlaceholder":"Enter text...",
	"textContract":"I willingly give all my belongings to The Frog in the event of the occurrence of a widespread viral infection transmitted via bites or contact with bodily fluids that causes human corpses to reanimate and seek to consume living human flesh, blood, brain or nerve tissue and is likely to result in the fall of organized civilization"
}