{
	"titleInscription":"Inscription",
	"titleLeaderboard":"Classement",
	
	"subtitleLang":"Language",
	"subtitleVolume":"Volume",
	"subtitlePseudo":"Pseudo",
	"subtitlePassword":"Mot de passe",
	
	"buttonContinue":"Continuer",
	"buttonEnglish":"Anglais",
	"buttonFrench":"Français",
	"buttonResume":"Retour",
	"buttonQuit":"Quitter",
	"buttonOptions":"Options",
	"buttonOptionsMaj":"OPTIONS",
	"buttonLeaveMaj":"PARTIR",
	"buttonConnexion":"Croannexion",
	
	"textMainSound":"Son principal",
	"textMusic":"Musique",
	"textSFX":"Effets Sonores",
	"textTipTitle":"Aide : Vous pouvez utiliser au choix une manette ou un clavier !",
	"textSpace":"Espace",
	"textConnexion":"BIENVENUE",
	"textDisconnect":"DECONNEXION",
	"textCredits":"CREDITS",
	"textPlaceholder":"Entrez le texte...",
	"textContract":"Je donne de plein gré tous mes biens à La Grenouille en cas de propagation virale d'une maladie via la morsure ou le contact avec des fluides corporels qui réanimerai un corps de quelque façon que ce soit qui chercherai à consommer de la chair humaine, du sang, de la matière cérébrale ou des tissus nerveux et qui a de grandes chances de causer la fin d'une civilisation développée"
}